<?xml version="1.0" encoding="utf-8"?>
<extension type="module" version="1.6.0" client="site" method="install">
	<name>Free Trial</name> 
	<author>Be Free</author> 
	<creationDate>2013</creationDate> 
	<copyright>All rights reserved by Tech Guy Web Solutions.</copyright> 
	<license>GPL 2.0</license> 
	<authorEmail>
 info@befree.com.au</authorEmail> 
	<authorUrl>www.befree.com.au</authorUrl> 
	<version>1.0.0</version> 
	<description>Provides a listing of registered users</description>
    <!-- Listing of all files that should be installed for the module to function -->
	<files>
        <!-- The "module" attribute signifies that this is the main controller file -->
		<filename module="mod_freetrial">mod_freetrial.php</filename>
		<filename>index.html</filename>
		<filename>helper.php</filename>
		<filename>tmpl/default.php</filename>
		<filename>tmpl/index.html</filename>
	</files>
 
    <languages>
        <!-- Any language files included with the module -->
        <language tag="en-GB">en-GB.mod_siteusers.ini</language>
    </languages>
 
    <!-- Optional parameters -->
	<config>
            <fields name="params">
                <fieldset name="basic">
                    <field 
                        name="moduleclass_sfx" 
                        type="text" 
                        default="" 
                        label="LABEL_CLASS_SUFFIX" 
                        description="DESC_MOD_SUFFIX">
                    </field>
                     <field 
                        name="@spacer" 
                        type="spacer" 
                        default="" 
                        label="" 
                        description="">
                    </field>
                     <field 
                        name="usercount" 
                        type="text" 
                        default="5" 
                        label="LABEL_USER_COUNT" 
                        description="DESC_USER_COUNT">
                    </field>
                     <field 
                        name="layout" 
                        type="list" 
                        default="default" 
                        label="LABEL_USER_LAYOUT" 
                        description="DESC_USER_LAYOUT">
                        <option value="default">Unordered List</option>
                        <option	value="ordered_list">Ordered List</option>
                    </field>
                    <field type="text" size="40" name="to-email" default="" label="To Email" description="To emails. You can add multiple E-mail address separated by commas" ></field>
                    <field type="text" size="40" name="from-email" default="" label="From Email" description="From emails. You can add multiple E-mail address separated by commas" ></field>
                    <field type="text" size="40" name="subject" default="" label="Subject" description="Subject for email" ></field>
                    <field type="text" size="40" name="success-url" default="" label="Success URL" description="Success URL after page submission" ></field>
                    <field type="text" size="40" name="failure-url" default="" label="Failure URL" description="Failure URL after page submission error" ></field>
                </fieldset>
            </fields>
    </config>
</extension>